{"epoch": 1, "itr": 3164, "IS_mean": 0.0, "IS_std": 0.0, "FID": 122.17767248787123, "FAIR": 0.16291740238538055, "L1_FAIR": 0.2304, "KL_FAIR": 0.026782040240167504, "_stamp": 1611967949.2971735}
{"epoch": 2, "itr": 4746, "IS_mean": 0.0, "IS_std": 0.0, "FID": 94.973423151687, "FAIR": 0.0024041630560342714, "L1_FAIR": 0.003400000000000014, "KL_FAIR": 5.780011136222304e-06, "_stamp": 1611968583.8256063}
{"epoch": 3, "itr": 6328, "IS_mean": 0.0, "IS_std": 0.0, "FID": 69.00938572880094, "FAIR": 0.09220672426672581, "L1_FAIR": 0.13040000000000002, "KL_FAIR": 0.008526340517249986, "_stamp": 1611969221.2946427}
{"epoch": 4, "itr": 7910, "IS_mean": 0.0, "IS_std": 0.0, "FID": 55.96356645307418, "FAIR": 0.07509474016201136, "L1_FAIR": 0.10620000000000002, "KL_FAIR": 0.005649868380178474, "_stamp": 1611969852.2936177}
{"epoch": 5, "itr": 9492, "IS_mean": 0.0, "IS_std": 0.0, "FID": 50.62737580034198, "FAIR": 0.09008540392316612, "L1_FAIR": 0.12739999999999996, "KL_FAIR": 0.008137476909177238, "_stamp": 1611970491.1298943}
{"epoch": 6, "itr": 11074, "IS_mean": 0.0, "IS_std": 0.0, "FID": 46.86111064331479, "FAIR": 0.11554124804588185, "L1_FAIR": 0.1634, "KL_FAIR": 0.013409829210924096, "_stamp": 1611971128.4980066}
{"epoch": 7, "itr": 12656, "IS_mean": 0.0, "IS_std": 0.0, "FID": 43.58510503405088, "FAIR": 0.14877526676164957, "L1_FAIR": 0.21039999999999998, "KL_FAIR": 0.022300348056704652, "_stamp": 1611971759.173919}
{"epoch": 8, "itr": 14238, "IS_mean": 0.0, "IS_std": 0.0, "FID": 39.672358701403056, "FAIR": 0.15938186847944785, "L1_FAIR": 0.22540000000000004, "KL_FAIR": 0.025622171106834665, "_stamp": 1611972394.5893493}
{"epoch": 9, "itr": 15820, "IS_mean": 0.0, "IS_std": 0.0, "FID": 35.2389586252323, "FAIR": 0.1647558800164656, "L1_FAIR": 0.23300000000000004, "KL_FAIR": 0.027395602043024048, "_stamp": 1611973025.5496142}
{"epoch": 10, "itr": 17402, "IS_mean": 0.0, "IS_std": 0.0, "FID": 31.95042609267162, "FAIR": 0.1803122292025696, "L1_FAIR": 0.25499999999999995, "KL_FAIR": 0.03287435172184115, "_stamp": 1611973661.4417799}
{"epoch": 11, "itr": 18984, "IS_mean": 0.0, "IS_std": 0.0, "FID": 30.224934502708493, "FAIR": 0.18554481938335005, "L1_FAIR": 0.26239999999999997, "KL_FAIR": 0.03483325023867828, "_stamp": 1611974292.9641764}
{"epoch": 12, "itr": 20566, "IS_mean": 0.0, "IS_std": 0.0, "FID": 28.63241057652081, "FAIR": 0.19586857838867366, "L1_FAIR": 0.27699999999999997, "KL_FAIR": 0.03887081940503265, "_stamp": 1611974928.9645026}
{"epoch": 13, "itr": 22148, "IS_mean": 0.0, "IS_std": 0.0, "FID": 27.209168069027157, "FAIR": 0.1982727414447079, "L1_FAIR": 0.2804, "KL_FAIR": 0.039844145407816015, "_stamp": 1611975564.959606}
{"epoch": 14, "itr": 23730, "IS_mean": 0.0, "IS_std": 0.0, "FID": 26.80160206514023, "FAIR": 0.20166685399440332, "L1_FAIR": 0.28519999999999995, "KL_FAIR": 0.04123961822953802, "_stamp": 1611976195.4969652}
{"epoch": 15, "itr": 25312, "IS_mean": 0.0, "IS_std": 0.0, "FID": 26.247461286911687, "FAIR": 0.20774797231260766, "L1_FAIR": 0.2938, "KL_FAIR": 0.04380261228493003, "_stamp": 1611976833.1349661}
{"epoch": 16, "itr": 26894, "IS_mean": 0.0, "IS_std": 0.0, "FID": 25.36503867129315, "FAIR": 0.20590949468152261, "L1_FAIR": 0.29119999999999996, "KL_FAIR": 0.043019237002673405, "_stamp": 1611977465.014165}
{"epoch": 17, "itr": 28476, "IS_mean": 0.0, "IS_std": 0.0, "FID": 24.46131370250339, "FAIR": 0.21524330419318508, "L1_FAIR": 0.3044, "KL_FAIR": 0.04707307548592149, "_stamp": 1611978098.0061462}
{"epoch": 18, "itr": 30058, "IS_mean": 0.0, "IS_std": 0.0, "FID": 24.186012491051457, "FAIR": 0.22500137777355944, "L1_FAIR": 0.31820000000000004, "KL_FAIR": 0.05151654192542143, "_stamp": 1611978732.2646692}
{"epoch": 19, "itr": 31640, "IS_mean": 0.0, "IS_std": 0.0, "FID": 24.1201788174794, "FAIR": 0.23362808050403533, "L1_FAIR": 0.3304, "KL_FAIR": 0.055621232862665015, "_stamp": 1611979360.1331408}
{"epoch": 20, "itr": 33222, "IS_mean": 0.0, "IS_std": 0.0, "FID": 23.729195084244623, "FAIR": 0.22839549032325482, "L1_FAIR": 0.32299999999999995, "KL_FAIR": 0.05311166096071118, "_stamp": 1611980003.0660188}
{"epoch": 21, "itr": 34804, "IS_mean": 0.0, "IS_std": 0.0, "FID": 23.82378450758688, "FAIR": 0.24381041815312157, "L1_FAIR": 0.3448, "KL_FAIR": 0.06068123087787186, "_stamp": 1611980635.6223283}
{"epoch": 22, "itr": 36386, "IS_mean": 0.0, "IS_std": 0.0, "FID": 23.119868605398068, "FAIR": 0.239426356109765, "L1_FAIR": 0.3386, "KL_FAIR": 0.05847392300610127, "_stamp": 1611981273.3522356}
{"epoch": 23, "itr": 37968, "IS_mean": 0.0, "IS_std": 0.0, "FID": 23.330787988287113, "FAIR": 0.2514471713899363, "L1_FAIR": 0.35559999999999997, "KL_FAIR": 0.06463053291858833, "_stamp": 1611981903.1810052}
{"epoch": 24, "itr": 39550, "IS_mean": 0.0, "IS_std": 0.0, "FID": 22.250480020100554, "FAIR": 0.2486187442651901, "L1_FAIR": 0.35159999999999997, "KL_FAIR": 0.06315232149193112, "_stamp": 1611982559.0306497}
{"epoch": 25, "itr": 41132, "IS_mean": 0.0, "IS_std": 0.0, "FID": 21.584019687363366, "FAIR": 0.243527575440647, "L1_FAIR": 0.34440000000000004, "KL_FAIR": 0.06053750965275123, "_stamp": 1611983195.830415}
{"epoch": 26, "itr": 42714, "IS_mean": 0.0, "IS_std": 0.0, "FID": 20.775515426889456, "FAIR": 0.2572454469956659, "L1_FAIR": 0.36379999999999996, "KL_FAIR": 0.06771819317699845, "_stamp": 1611983826.460925}
{"epoch": 27, "itr": 44296, "IS_mean": 0.0, "IS_std": 0.0, "FID": 20.649341874825154, "FAIR": 0.2612052449703106, "L1_FAIR": 0.36939999999999995, "KL_FAIR": 0.069871341672512, "_stamp": 1611984462.9379318}
{"epoch": 28, "itr": 45878, "IS_mean": 0.0, "IS_std": 0.0, "FID": 20.572048742379422, "FAIR": 0.26445793616376884, "L1_FAIR": 0.37400000000000005, "KL_FAIR": 0.07166715897363027, "_stamp": 1611985096.4020412}
{"epoch": 29, "itr": 47460, "IS_mean": 0.0, "IS_std": 0.0, "FID": 20.384332882423365, "FAIR": 0.27407458838790577, "L1_FAIR": 0.38759999999999994, "KL_FAIR": 0.07712080016170297, "_stamp": 1611985732.6839373}
{"epoch": 30, "itr": 49042, "IS_mean": 0.0, "IS_std": 0.0, "FID": 20.24171099761, "FAIR": 0.2807213921310594, "L1_FAIR": 0.397, "KL_FAIR": 0.08101728377209719, "_stamp": 1611986368.7718241}
{"epoch": 31, "itr": 50624, "IS_mean": 0.0, "IS_std": 0.0, "FID": 19.989626360610856, "FAIR": 0.2873681958742129, "L1_FAIR": 0.40640000000000004, "KL_FAIR": 0.08501866249770179, "_stamp": 1611986999.9693031}
{"epoch": 32, "itr": 52206, "IS_mean": 0.0, "IS_std": 0.0, "FID": 19.73654697656542, "FAIR": 0.29019662299895915, "L1_FAIR": 0.41040000000000004, "KL_FAIR": 0.08675342334804775, "_stamp": 1611987636.6212907}
{"epoch": 33, "itr": 53788, "IS_mean": 0.0, "IS_std": 0.0, "FID": 20.100239260025774, "FAIR": 0.29005520164272175, "L1_FAIR": 0.41019999999999995, "KL_FAIR": 0.08666622896828297, "_stamp": 1611988266.0784597}
{"epoch": 34, "itr": 55370, "IS_mean": 0.0, "IS_std": 0.0, "FID": 19.436068121657826, "FAIR": 0.2979747975920111, "L1_FAIR": 0.4214, "KL_FAIR": 0.09162345726543286, "_stamp": 1611988902.356697}
{"epoch": 35, "itr": 56952, "IS_mean": 0.0, "IS_std": 0.0, "FID": 19.333899344890426, "FAIR": 0.30066180336052, "L1_FAIR": 0.4252, "KL_FAIR": 0.09333994141353835, "_stamp": 1611989533.236044}
{"epoch": 36, "itr": 58534, "IS_mean": 0.0, "IS_std": 0.0, "FID": 19.40661348916626, "FAIR": 0.3081571352410974, "L1_FAIR": 0.43579999999999997, "KL_FAIR": 0.09822141460168282, "_stamp": 1611990167.8213654}
{"epoch": 37, "itr": 60116, "IS_mean": 0.0, "IS_std": 0.0, "FID": 19.16741370363394, "FAIR": 0.31607673119038676, "L1_FAIR": 0.447, "KL_FAIR": 0.10352993865666713, "_stamp": 1611990804.0984437}
{"epoch": 38, "itr": 61698, "IS_mean": 0.0, "IS_std": 0.0, "FID": 19.153709974038748, "FAIR": 0.31706668068404786, "L1_FAIR": 0.44839999999999997, "KL_FAIR": 0.10420448681137781, "_stamp": 1611991435.297226}
{"epoch": 39, "itr": 63280, "IS_mean": 0.0, "IS_std": 0.0, "FID": 19.43561429144853, "FAIR": 0.32102647865869255, "L1_FAIR": 0.45399999999999996, "KL_FAIR": 0.1069272508301708, "_stamp": 1611992071.7128804}
{"epoch": 40, "itr": 64862, "IS_mean": 0.0, "IS_std": 0.0,