{"epoch": 40, "itr": 5945, "IS_mean": 0.0, "IS_std": 0.0, "FID": 292.12620054034335, "FAIR": 0.37264527368531053, "L1_FAIR": 0.5269999999999999, "KL_FAIR": 0.14613532343063088, "_stamp": 1610611245.278905}
{"epoch": 41, "itr": 6090, "IS_mean": 0.0, "IS_std": 0.0, "FID": 293.97206978291644, "FAIR": 0.3413911539568651, "L1_FAIR": 0.48279999999999995, "KL_FAIR": 0.12155971891006304, "_stamp": 1610611590.974512}
{"epoch": 42, "itr": 6235, "IS_mean": 0.0, "IS_std": 0.0, "FID": 295.342606966801, "FAIR": 0.25795255377685256, "L1_FAIR": 0.3648, "KL_FAIR": 0.06810002821817196, "_stamp": 1610611966.000532}
{"epoch": 43, "itr": 6380, "IS_mean": 0.0, "IS_std": 0.0, "FID": 298.3562821647399, "FAIR": 0.0683065150626205, "L1_FAIR": 0.09660000000000002, "KL_FAIR": 0.004673063722987064, "_stamp": 1610612306.133248}
{"epoch": 44, "itr": 6525, "IS_mean": 0.0, "IS_std": 0.0, "FID": 305.37207909443845, "FAIR": 0.1716855264720937, "L1_FAIR": 0.24279999999999996, "KL_FAIR": 0.029772583088397087, "_stamp": 1610612643.561817}
{"epoch": 45, "itr": 6670, "IS_mean": 0.0, "IS_std": 0.0, "FID": 322.00955492509377, "FAIR": 0.1257235856949681, "L1_FAIR": 0.17779999999999996, "KL_FAIR": 0.01589077226353809, "_stamp": 1610612980.856706}
{"epoch": 46, "itr": 6815, "IS_mean": 0.0, "IS_std": 0.0, "FID": 341.60565837638353, "FAIR": 0.20067690450074224, "L1_FAIR": 0.28380000000000005, "KL_FAIR": 0.04083001790023172, "_stamp": 1610613319.4319632}
{"epoch": 47, "itr": 6960, "IS_mean": 0.0, "IS_std": 0.0, "FID": 361.5422325659753, "FAIR": 0.5091168824543142, "L1_FAIR": 0.72, "KL_FAIR": 0.28818369549600664, "_stamp": 1610613657.537756}
{"epoch": 48, "itr": 7105, "IS_mean": 0.0, "IS_std": 0.0, "FID": 376.2252822965197, "FAIR": 0.6266380294875185, "L1_FAIR": 0.8862000000000001, "KL_FAIR": 0.4747960229418886, "_stamp": 1610614001.0188508}
{"epoch": 49, "itr": 7250, "IS_mean": 0.0, "IS_std": 0.0, "FID": 380.23420810323626, "FAIR": 0.6528009803914206, "L1_FAIR": 0.9232, "KL_FAIR": 0.5303216869579606, "_stamp": 1610614338.5982668}
{"epoch": 50, "itr": 7395, "IS_mean": 0.0, "IS_std": 0.0, "FID": 380.3791600759207, "FAIR": 0.5557859300126263, "L1_FAIR": 0.786, "KL_FAIR": 0.35295040358794594, "_stamp": 1610614675.3389077}
{"epoch": 51, "itr": 7540, "IS_mean": 0.0, "IS_std": 0.0, "FID": 388.27115423660786, "FAIR": 0.32823896782679535, "L1_FAIR": 0.46419999999999995, "KL_FAIR": 0.11198825341707033, "_stamp": 1610615012.8434873}
{"epoch": 52, "itr": 7685, "IS_mean": 0.0, "IS_std": 0.0, "FID": 413.7208564999278, "FAIR": 0.00042426406871192107, "L1_FAIR": 0.0005999999999999894, "KL_FAIR": 1.8000001076522122e-07, "_stamp": 1610615352.2171962}
{"epoch": 53, "itr": 7830, "IS_mean": 0.0, "IS_std": 0.0, "FID": 440.7124890099219, "FAIR": 0.26276087988892105, "L1_FAIR": 0.3716, "KL_FAIR": 0.07072714768269475, "_stamp": 1610615690.5842266}
{"epoch": 54, "itr": 7975, "IS_mean": 0.0, "IS_std": 0.0, "FID": 444.7110581084473, "FAIR": 0.2760544873752282, "L1_FAIR": 0.3904, "KL_FAIR": 0.07827054048671758, "_stamp": 1610616028.0591993}
{"epoch": 55, "itr": 8120, "IS_mean": 0.0, "IS_std": 0.0, "FID": 433.2123028516916, "FAIR": 0.008061017305526656, "L1_FAIR": 0.011400000000000021, "KL_FAIR": 6.498140753999609e-05, "_stamp": 1610616371.4237156}
{"epoch": 56, "itr": 8265, "IS_mean": 0.0, "IS_std": 0.0, "FID": 427.25053873569453, "FAIR": 0.49073210614346396, "L1_FAIR": 0.694, "KL_FAIR": 0.2652693919211409, "_stamp": 1610616708.5534172}
{"epoch": 57, "itr": 8410, "IS_mean": 0.0, "IS_std": 0.0, "FID": 404.2896942678151, "FAIR": 0.6895705330131212, "L1_FAIR": 0.9752000000000001, "KL_FAIR": 0.6263876511165684, "_stamp": 1610617046.993272}
{"epoch": 58, "itr": 8555, "IS_mean": 0.0, "IS_std": 0.0, "FID": 400.6636055626226, "FAIR": 0.5, "L1_FAIR": 0.5, "KL_FAIR": 0.6931471805599453, "_stamp": 1610617384.6383245}
{"epoch": 59, "itr": 8700, "IS_mean": 0.0, "IS_std": 0.0, "FID": 408.4000332982928, "FAIR": 0.5, "L1_FAIR": 0.5, "KL_FAIR": 0.6931471805599453, "_stamp": 1610617741.3357127}
{"epoch": 60, "itr": 8845, "IS_mean": 0.0, "IS_std": 0.0, "FID": 403.60421702200193, "FAIR": 0.706823938474073, "L1_FAIR": 0.9996, "KL_FAIR": 0.6912437619229955, "_stamp": 1610618079.2636337}
{"epoch": 61, "itr": 8990, "IS_mean": 0.0, "IS_std": 0.0, "FID": 396.79229716397856, "FAIR": 0.6860349991071883, "L1_FAIR": 0.9702, "KL_FAIR": 0.6156834694453794, "_stamp": 1610618439.1520271}
{"epoch": 62, "itr": 9135, "IS_mean": 0.0, "IS_std": 0.0, "FID": 392.6216508054647, "FAIR": 0.1738068468156534, "L1_FAIR": 0.24580000000000002, "KL_FAIR": 0.03052060960469627, "_stamp": 1610618783.0067399}
{"epoch": 63, "itr": 9280, "IS_mean": 0.0, "IS_std": 0.0, "FID": 388.56350843332416, "FAIR": 0.46174072811481554, "L1_FAIR": 0.653, "KL_FAIR": 0.2317544466877195, "_stamp": 1610619121.4515243}
{"epoch": 64, "itr": 9425, "IS_mean": 0.0, "IS_std": 0.0, "FID": 398.9008355802503, "FAIR": 0.6485583397043014, "L1_FAIR": 0.9172, "KL_FAIR": 0.5207789978593167, "_stamp": 1610619459.319529}
{"epoch": 65, "itr": 9570, "IS_mean": 0.0, "IS_std": 0.0, "FID": 403.23368521838285, "FAIR": 0.698197235743597, "L1_FAIR": 0.9874, "KL_FAIR": 0.6549436717990351, "_stamp": 1610619798.3241026}
{"epoch": 66, "itr": 9715, "IS_mean": 0.0, "IS_std": 0.0, "FID": 405.7021496660237, "FAIR": 0.7032884045681401, "L1_FAIR": 0.9945999999999999, "KL_FAIR": 0.674481669378757, "_stamp": 1610620136.76184}
{"epoch": 67, "itr": 9860, "IS_mean": 0.0, "IS_std": 0.0, "FID": 401.48832661960284, "FAIR": 0.7052683035554626, "L1_FAIR": 0.9974000000000001, "KL_FAIR": 0.6832090176074812, "_stamp": 1610620474.6336665}
{"epoch": 68, "itr": 10005, "IS_mean": 0.0, "IS_std": 0.0, "FID": 394.63547845594235, "FAIR": 0.7044197754180386, "L1_FAIR": 0.9962, "KL_FAIR": 0.6793437740578607, "_stamp": 1610620819.786061}
{"epoch": 69, "itr": 10150, "IS_mean": 0.0, "IS_std": 0.0, "FID": 399.6562918372184, "FAIR": 0.7017327696495297, "L1_FAIR": 0.9924, "KL_FAIR": 0.6681779437161453, "_stamp": 1610621159.6669552}
{"epoch": 70, "itr": 10295, "IS_mean": 0.0, "IS_std": 0.0, "FID": 412.61292189250327, "FAIR": 0.6963587581125119, "L1_FAIR": 0.9847999999999999, "KL_FAIR": 0.6484911205610613, "_stamp": 1610621498.2163415}
{"epoch": 71, "itr": 10440, "IS_mean": 0.0, "IS_std": 0.0, "FID": 415.18753891239317, "FAIR": 0.6962173367562746, "L1_FAIR": 0.9845999999999999, "KL_FAIR": 0.6480045828271377, "_stamp": 1610621841.508506}
{"epoch": 72, "itr": 10585, "IS_mean": 0.0, "IS_std": 0.0, "FID": 401.79306405758433, "FAIR": 0.6970658648936986, "L1_FAIR": 0.9858, "KL_FAIR": 0.6509440559104115, "_stamp": 1610622180.6595578}
{"epoch": 73, "itr": 10730, "IS_mean": 0.0, "IS_std": 0.0, "FID": 395.53529960962805, "FAIR": 0.7015913482932924, "L1_FAIR": 0.9922, "KL_FAIR": 0.6676223584349676, "_stamp": 1610622518.584029}
{"epoch": 74, "itr": 10875, "IS_mean": 0.0, "IS_std": 0.0, "FID": 389.531457840793, "FAIR": 0.7052683035554626, "L1_FAIR": 0.9974000000000001, "KL_FAIR": 0.6832090176074812, "_stamp": 1610622856.81317}
