{"epoch": 40, "itr": 6724, "IS_mean": 0.0, "IS_std": 0.0, "FID": 349.9745541186644, "FAIR": 0.6659531665214904, "L1_FAIR": 0.9418, "KL_FAIR": 0.5615475556599266, "_stamp": 1610623486.2873275}
{"epoch": 41, "itr": 6888, "IS_mean": 0.0, "IS_std": 0.0, "FID": 351.0403510760975, "FAIR": 0.6566193570098281, "L1_FAIR": 0.9286000000000001, "KL_FAIR": 0.5391181632360594, "_stamp": 1610623919.163803}
{"epoch": 42, "itr": 7052, "IS_mean": 0.0, "IS_std": 0.0, "FID": 353.8835179030946, "FAIR": 0.6088189386016174, "L1_FAIR": 0.861, "KL_FAIR": 0.4408035026760603, "_stamp": 1610624356.7834144}
{"epoch": 43, "itr": 7216, "IS_mean": 0.0, "IS_std": 0.0, "FID": 358.72155363938725, "FAIR": 0.5383911031954374, "L1_FAIR": 0.7614000000000001, "KL_FAIR": 0.32761921438601216, "_stamp": 1610624788.7990825}
{"epoch": 44, "itr": 7380, "IS_mean": 0.0, "IS_std": 0.0, "FID": 363.4507094853743, "FAIR": 0.5374011537017761, "L1_FAIR": 0.76, "KL_FAIR": 0.32622218928723573, "_stamp": 1610625221.689069}
{"epoch": 45, "itr": 7544, "IS_mean": 0.0, "IS_std": 0.0, "FID": 366.1646626996952, "FAIR": 0.5536646096690667, "L1_FAIR": 0.7829999999999999, "KL_FAIR": 0.3497794927019924, "_stamp": 1610625652.2720697}
{"epoch": 46, "itr": 7708, "IS_mean": 0.0, "IS_std": 0.0, "FID": 366.74814983038254, "FAIR": 0.5361283614956404, "L1_FAIR": 0.7582, "KL_FAIR": 0.3244328291172621, "_stamp": 1610626083.740184}
{"epoch": 47, "itr": 7872, "IS_mean": 0.0, "IS_std": 0.0, "FID": 363.9247543079827, "FAIR": 0.4901664207185148, "L1_FAIR": 0.6932, "KL_FAIR": 0.264585503698459, "_stamp": 1610626516.3553884}
{"epoch": 48, "itr": 8036, "IS_mean": 0.0, "IS_std": 0.0, "FID": 363.36969533907137, "FAIR": 0.4900249993622775, "L1_FAIR": 0.6930000000000001, "KL_FAIR": 0.26441472424819673, "_stamp": 1610626953.012786}
{"epoch": 49, "itr": 8200, "IS_mean": 0.0, "IS_std": 0.0, "FID": 359.1236203144389, "FAIR": 0.49327769055573556, "L1_FAIR": 0.6976, "KL_FAIR": 0.26836220619616535, "_stamp": 1610627382.1207924}
{"epoch": 50, "itr": 8364, "IS_mean": 0.0, "IS_std": 0.0, "FID": 355.0872757697567, "FAIR": 0.5228347540093333, "L1_FAIR": 0.7394000000000001, "KL_FAIR": 0.3061905842609488, "_stamp": 1610627811.5674605}
{"epoch": 51, "itr": 8528, "IS_mean": 0.0, "IS_std": 0.0, "FID": 353.3757712579234, "FAIR": 0.5611599415496441, "L1_FAIR": 0.7936000000000001, "KL_FAIR": 0.3610894466048361, "_stamp": 1610628241.4403596}
{"epoch": 52, "itr": 8692, "IS_mean": 0.0, "IS_std": 0.0, "FID": 351.28314231744923, "FAIR": 0.5984951795962938, "L1_FAIR": 0.8464, "KL_FAIR": 0.4222637489015474, "_stamp": 1610628672.497743}
{"epoch": 53, "itr": 8856, "IS_mean": 0.0, "IS_std": 0.0, "FID": 350.40207638690407, "FAIR": 0.6239510237190096, "L1_FAIR": 0.8824000000000001, "KL_FAIR": 0.46949434687643654, "_stamp": 1610629103.4142444}
{"epoch": 54, "itr": 9020, "IS_mean": 0.0, "IS_std": 0.0, "FID": 349.4852578560384, "FAIR": 0.6571850424347773, "L1_FAIR": 0.9294, "KL_FAIR": 0.540438996203541, "_stamp": 1610629541.5013618}
{"epoch": 55, "itr": 9184, "IS_mean": 0.0, "IS_std": 0.0, "FID": 349.4856191272097, "FAIR": 0.6595892054908116, "L1_FAIR": 0.9328000000000001, "KL_FAIR": 0.546105589615256, "_stamp": 1610629973.0233252}
{"epoch": 56, "itr": 9348, "IS_mean": 0.0, "IS_std": 0.0, "FID": 349.3717219934795, "FAIR": 0.6523767163227088, "L1_FAIR": 0.9226000000000001, "KL_FAIR": 0.5293567402636843, "_stamp": 1610630405.5526395}
{"epoch": 57, "itr": 9512, "IS_mean": 0.0, "IS_std": 0.0, "FID": 351.7558441218551, "FAIR": 0.6404973223987747, "L1_FAIR": 0.9057999999999999, "KL_FAIR": 0.5032610068648242, "_stamp": 1610630836.2941787}
{"epoch": 58, "itr": 9676, "IS_mean": 0.0, "IS_std": 0.0, "FID": 355.3262960949992, "FAIR": 0.6197083830318902, "L1_FAIR": 0.8764000000000001, "KL_FAIR": 0.46125535297974785, "_stamp": 1610631266.517677}
{"epoch": 59, "itr": 9840, "IS_mean": 0.0, "IS_std": 0.0, "FID": 356.4176663250419, "FAIR": 0.5932625894155134, "L1_FAIR": 0.839, "KL_FAIR": 0.4131583304227854, "_stamp": 1610631696.0297174}
{"epoch": 60, "itr": 10004, "IS_mean": 0.0, "IS_std": 0.0, "FID": 350.94483059529216, "FAIR": 0.5799689819292063, "L1_FAIR": 0.8202, "KL_FAIR": 0.3908407820258127, "_stamp": 1610632131.2352462}
{"epoch": 61, "itr": 10168, "IS_mean": 0.0, "IS_std": 0.0, "FID": 349.5660933386984, "FAIR": 0.6061319328331085, "L1_FAIR": 0.8572, "KL_FAIR": 0.43590183043807335, "_stamp": 1610632559.7267487}
{"epoch": 62, "itr": 10332, "IS_mean": 0.0, "IS_std": 0.0, "FID": 348.6619140896514, "FAIR": 0.6648217956715919, "L1_FAIR": 0.9401999999999999, "KL_FAIR": 0.5587527942557852, "_stamp": 1610632994.4474084}
{"epoch": 63, "itr": 10496, "IS_mean": 0.0, "IS_std": 0.0, "FID": 338.9338635714788, "FAIR": 0.7001771347309194, "L1_FAIR": 0.9902, "KL_FAIR": 0.6621984568543524, "_stamp": 1610633433.911547}
{"epoch": 64, "itr": 10660, "IS_mean": 0.0, "IS_std": 0.0, "FID": 329.7276947856351, "FAIR": 0.7039955113493268, "L1_FAIR": 0.9956, "KL_FAIR": 0.6774871469156073, "_stamp": 1610633873.3194594}
{"epoch": 65, "itr": 10824, "IS_mean": 0.0, "IS_std": 0.0, "FID": 326.56900530093196, "FAIR": 0.7044197754180386, "L1_FAIR": 0.9962, "KL_FAIR": 0.6793437740578607, "_stamp": 1610634311.0364113}
