{"epoch": 40, "itr": 86469, "IS_mean": 0.0, "IS_std": 0.0, "FID": 12.393840975998955, "FAIR": 0.20491954518786148, "L1_FAIR": 0.2898, "KL_FAIR": 0.042600479757645485, "_stamp": 1611814191.8454475}
{"epoch": 41, "itr": 88578, "IS_mean": 0.0, "IS_std": 0.0, "FID": 12.405754113587648, "FAIR": 0.21623325368684623, "L1_FAIR": 0.3058, "KL_FAIR": 0.04751426246714163, "_stamp": 1611814955.2216382}
{"epoch": 42, "itr": 90687, "IS_mean": 0.0, "IS_std": 0.0, "FID": 12.662756882627974, "FAIR": 0.22316290014247442, "L1_FAIR": 0.31560000000000005, "KL_FAIR": 0.05066322849277821, "_stamp": 1611815717.7517188}
{"epoch": 43, "itr": 92796, "IS_mean": 0.0, "IS_std": 0.0, "FID": 12.599541821083022, "FAIR": 0.21991020894901628, "L1_FAIR": 0.311, "KL_FAIR": 0.049171903489173496, "_stamp": 1611816491.2759888}
{"epoch": 44, "itr": 94905, "IS_mean": 0.0, "IS_std": 0.0, "FID": 12.811057348190872, "FAIR": 0.22358716421118635, "L1_FAIR": 0.31620000000000004, "KL_FAIR": 0.050859480104411686, "_stamp": 1611817267.20921}
{"epoch": 45, "itr": 97014, "IS_mean": 0.0, "IS_std": 0.0, "FID": 13.316993846357946, "FAIR": 0.23249670965413682, "L1_FAIR": 0.3288, "KL_FAIR": 0.05507342562112069, "_stamp": 1611818043.1744895}
{"epoch": 46, "itr": 99123, "IS_mean": 0.0, "IS_std": 0.0, "FID": 13.020023469794467, "FAIR": 0.23730503576620532, "L1_FAIR": 0.33559999999999995, "KL_FAIR": 0.05742147071161682, "_stamp": 1611818809.8660884}
{"epoch": 47, "itr": 101232, "IS_mean": 0.0, "IS_std": 0.0, "FID": 12.946024191739554, "FAIR": 0.24112341238461268, "L1_FAIR": 0.34099999999999997, "KL_FAIR": 0.05932320287680451, "_stamp": 1611819572.9296458}
{"epoch": 48, "itr": 103341, "IS_mean": 0.0, "IS_std": 0.0, "FID": 12.785437759349605, "FAIR": 0.24267904730322307, "L1_FAIR": 0.34319999999999995, "KL_FAIR": 0.06010743494110696, "_stamp": 1611820338.6618109}
{"epoch": 49, "itr": 105450, "IS_mean": 0.0, "IS_std": 0.0, "FID": 12.9718204642366, "FAIR": 0.247204530702817, "L1_FAIR": 0.34959999999999997, "KL_FAIR": 0.062420065830620486, "_stamp": 1611821103.7236686}
{"epoch": 50, "itr": 107559, "IS_mean": 0.0, "IS_std": 0.0, "FID": 12.936465157824813, "FAIR": 0.25936676733922565, "L1_FAIR": 0.3668, "KL_FAIR": 0.06886715979762675, "_stamp": 1611821867.3314493}
{"epoch": 51, "itr": 109668, "IS_mean": 0.0, "IS_std": 0.0, "FID": 13.221606986566059, "FAIR": 0.25936676733922565, "L1_FAIR": 0.3668, "KL_FAIR": 0.06886715979762675, "_stamp": 1611822632.077927}
{"epoch": 52, "itr": 111777, "IS_mean": 0.0, "IS_std": 0.0, "FID": 13.47739781995125, "FAIR": 0.25823539648932714, "L1_FAIR": 0.36519999999999997, "KL_FAIR": 0.06825308516250828, "_stamp": 1611823396.432899}
{"epoch": 53, "itr": 113886, "IS_mean": 0.0, "IS_std": 0.0, "FID": 13.088544540196608, "FAIR": 0.2648822002324807, "L1_FAIR": 0.37460000000000004, "KL_FAIR": 0.0719032076127088, "_stamp": 1611824167.0520675}
{"epoch": 54, "itr": 115995, "IS_mean": 0.0, "IS_std": 0.0, "FID": 13.311107421807236, "FAIR": 0.266862099219803, "L1_FAIR": 0.37739999999999996, "KL_FAIR": 0.07301030845586878, "_stamp": 1611824931.5662522}
{"epoch": 55, "itr": 118104, "IS_mean": 0.0, "IS_std": 0.0, "FID": 13.378877421780118, "FAIR": 0.2637508293825822, "L1_FAIR": 0.373, "KL_FAIR": 0.07127467456599568, "_stamp": 1611825714.8872151}
{"epoch": 56, "itr": 120213, "IS_mean": 0.0, "IS_std": 0.0, "FID": 13.346915641146637, "FAIR": 0.2645993575200061, "L1_FAIR": 0.37420000000000003, "KL_FAIR": 0.07174579533760811, "_stamp": 1611826490.747033}
{"epoch": 57, "itr": 122322, "IS_mean": 0.0, "IS_std": 0.0, "FID": 13.474254788236152, "FAIR": 0.27860007178749974, "L1_FAIR": 0.39399999999999996, "KL_FAIR": 0.07976237294723212, "_stamp": 1611827287.588685}
